序号,股票代码,股票简称,公司名称,省份,城市,主营业务收入(201712),净利润(201712),员工人数,上市日期,招股书,公司财报,行业分类,产品类型,主营业务
1,1,平安银行,平安银行股份有限公司,深圳市,罗湖区,1057.86亿,231.89亿,34980,1991-04-03,--,,银行,--,经有关监管机构批准的各项商业银行业务
2,2,万科A,万科企业股份有限公司,深圳市,盐田区,2428.97亿,372.08亿,133455,1991-01-29,--,,房地产开发,--,房地产开发和物业服务
3,4,国农科技,深圳中国农大科技股份有限公司,深圳市,南山区,1.39亿,589.22万,251,1991-01-14,--,,生物医药,--,移动互联网安全业务及移动互联网游戏运营相关服务。
4,5,世纪星源,深圳世纪星源股份有限公司,深圳市,罗湖区,5.31亿,2293.60万,680,1990-12-10,--,,环保工程、物业管理,--,绿色低碳城市社区建设相关的服务业务
5,6,深振业A,深圳市振业(集团)股份有限公司,深圳市,罗湖区,29.59亿,8.20亿,--,1992-04-27,--,,房地产开发,--,从事房地产开发与销售
6,7,全新好,深圳市全新好股份有限公司,深圳市,福田区,3964.40万,79.51万,84,1992-04-13,--,,物业经营,--,物业管理和房屋租赁业等
7,8,神州高铁,神州高铁技术股份有限公司,北京市,海淀区,23.31亿,8.90亿,2618,1992-05-07,--,,轨道交通设备,--,专业致力于为轨道交通安全运营提供监测、检测、维修、保养设备和服务及整体解决方案
8,9,中国宝安,中国宝安集团股份有限公司,深圳市,罗湖区,70.71亿,3.23亿,13239,1991-06-25,--,,综合,--,新能源、新材料及其它高新技术产业、生物医药业、房地产业以及其他行业
9,10,美丽生态,深圳美丽生态股份有限公司,深圳市,宝安区,7.58亿,-10.62亿,339,1995-10-27,--,,园林工程,--,从事苗木种植、园林绿化工程施工和养护为一体的综合性园林服务。
10,11,深物业A,深圳市物业发展(集团)股份有限公司,深圳市,罗湖区,29.05亿,6.23亿,7769,1992-03-30,--,,房地产开发,--,从事房地产开发经营，兼营物业管理、房屋租赁、出租车客运、餐饮服务等
11,12,南玻A,中国南玻集团股份有限公司,深圳市,南山区,108.79亿,8.29亿,10454,1992-02-28,--,,玻璃,--,研发、生产制造和销售优质浮法玻璃和工程玻璃、太阳能玻璃和硅材料、光伏电池和组件等可再生能源产品，超薄电子玻璃和显示器件等新材料和信息显示产品，提供光伏电站项目开发、建设、运维一站式服务等。
12,14,沙河股份,沙河实业股份有限公司,深圳市,南山区,5.13亿,1098.82万,154,1992-06-02,--,,房地产开发,--,房地产开发和销售
13,16,深康佳A,康佳集团股份有限公司,深圳市,南山区,312.28亿,50.87亿,19286,1992-03-27,--,,电视机,--,彩电业务、手机业务、白电业务、供应链贸易
14,17,*ST中华A,深圳中华自行车(集团)股份有限公司,深圳市,深圳市,1.37亿,157.92万,59,1992-03-31,--,,自行车,--,电动自行车、自行车及零配件的生产和销售以及物业管理。
15,18,神城A退,神州长城股份有限公司,深圳市,龙岗区,64.97亿,3.84亿,821,1992-06-16,--,,装修装饰,主营业务:建筑装饰工程设计与施工及建筑相关工程施工,建筑装饰工程设计与施工及建筑相关工程施工
16,19,深粮控股,深圳市深粮控股股份有限公司,深圳市,南山区,107.94亿,3.51亿,1189,1992-10-12,--,,软饮料,--,茶及天然植物精深加工为主的食品原料(配料)生产研发和销售业务;粮油储备粮油贸易粮油加工等粮油流通及粮油储备服务业
17,20,深华发A,深圳中恒华发股份有限公司,深圳市,福田区,8.58亿,97.44万,998,1992-04-28,--,,电子零部件,--,精密注塑件的加工、销售;液晶显示器的加工、销售;轻型包装材料的加工、销售以及物业租赁业务。
18,21,深科技,深圳长城开发科技股份有限公司,深圳市,福田区,142.10亿,5.74亿,29676,1994-02-02,--,,PC、服务器及硬件,--,计算机硬件、通讯设备等。
19,22,深赤湾A,招商局港口集团股份有限公司,深圳市,南山区,24.56亿,7.14亿,1719,1993-05-05,--,,港口,装卸业务、港口配套业务、代理及其他业务,集装箱和散杂货的港口装卸、仓储、运输及其它配套服务
20,23,深天地A,深圳市天地(集团)股份有限公司,深圳市,南山区,12.29亿,2868.88万,--,1993-04-29,--,,商品混凝土,--,混凝土的生产和销售、房地产的开发与销售
序号,股票代码,股票简称,公司名称,省份,城市,主营业务收入(201712),净利润(201712),员工人数,上市日期,招股书,公司财报,行业分类,产品类型,主营业务
21,25,特力A,深圳市特力(集团)股份有限公司,深圳市,罗湖区,3.47亿,6578.16万,325,1993-06-21,--,,汽车销售,--,汽车销售、汽车检测维修及配件销售、物业租赁及服务
22,26,飞亚达,飞亚达精密科技股份有限公司,深圳市,南山区,33.46亿,1.43亿,4994,1993-06-03,--,,珠宝首饰,--,"主要从事钟表及其零配件的设计、开发、制造、销售和维修业务，包括""飞亚达""表的产品经营和世界名表的商业连锁销售"
23,27,深圳能源,深圳能源集团股份有限公司,深圳市,福田区,155.46亿,8.45亿,6935,1993-09-03,--,,火电,--,"各种常规能源和新能源的开发、生产、购销,以及城市固体废物处理、城市燃气供应和废水处理等"
24,28,国药一致,国药集团一致药业股份有限公司,深圳市,福田区,412.63亿,11.57亿,27247,1993-08-09,--,,医药商业,--,药品的研发、生产，中西成药、中药材、生物制品、生化药品、保健品、医疗器械的批发销售和连锁零售。
25,29,深深房A,深圳经济特区房地产(集团)股份有限公司,深圳市,罗湖区,13.46亿,1.85亿,--,1993-09-15,--,,房地产开发,--,商品住宅销售、物业租赁及管理服务、酒店客房服务，以及建筑安装装修服务。
26,30,富奥股份,富奥汽车零部件股份有限公司,长春市,绿园区,71.93亿,8.19亿,7445,1993-09-29,--,,汽车零部件,--,汽车零部件的生产与销售
27,31,大悦城,大悦城控股集团股份有限公司,深圳市,宝安区,140.42亿,17.35亿,9462,1993-10-08,--,,房地产开发,--,房地产开发、经营、销售、出租及管理住宅、商用物业、工业物业
28,32,深桑达A,深圳市桑达实业股份有限公司,深圳市,南山区,18.82亿,5525.24万,433,1993-10-28,--,,电子物流,--,电子制造、电子商贸、电子物流服务等在内的一体化现代电子信息服务。
29,33,新都退,深圳鹍鹏控股股份有限公司,--,广东,--,--,242,1994-01-03,--,,--,主营业务:酒店业务及其附属设施业务,酒店业务及其附属设施业务
30,34,神州数码,神州数码集团股份有限公司,深圳市,南山区,622.16亿,7.23亿,4070,1994-05-09,--,,贸易,--,"云管理服务及数字化方案提供商,IT领域分销和增值服务商"
31,35,中国天楹,中国天楹股份有限公司,南通市,海安县,16.12亿,2.25亿,44798,1994-04-08,--,,垃圾发电,--,以BOO、BOT方式投资、建设和运营城市生活垃圾焚烧发电项目，研发、生产、销售垃圾焚烧发电及环保成套设备
32,36,华联控股,华联控股股份有限公司,深圳市,福田区,39.72亿,13.72亿,793,1994-06-17,--,,房地产开发,--,房地产开发及自有物业租赁管理业务
33,37,深南电A,深圳南山热电股份有限公司,深圳市,南山区,20.46亿,37.71万,516,1994-07-01,--,,火电,--,生产经营供电供热、从事发电厂(站)的相关技术咨询和技术服务
34,38,深大通,深圳大通实业股份有限公司,深圳市,南山区,15.10亿,3.58亿,104,1994-08-08,--,,网络媒体,--,新媒体传媒运营、广告发布
35,39,中集集团,中国国际海运集装箱(集团)股份有限公司,深圳市,南山区,763.00亿,31.58亿,49715,1994-04-08,--,,金属制品,--,主要从事集装箱、能源、化工及液态食品装备、海洋工程装备、空港设备的制造及服务业务
36,40,东旭蓝天,东旭蓝天新能源股份有限公司,深圳市,罗湖区,81.31亿,5.40亿,842,1994-08-08,--,,太阳能,--,"光伏电站投资、建设、运营,房地产开发与销售、物业管理等"
37,42,中洲控股,深圳市中洲投资控股股份有限公司,深圳市,南山区,86.54亿,6.09亿,2639,1994-09-21,--,,房地产开发,--,房地产开发、物业租赁经营、酒店经营、建筑施工。
38,43,中航善达,招商局积余产业运营服务股份有限公司,深圳市,福田区,58.93亿,-3472.81万,19886,1994-09-28,--,,房地产开发,主营业务:物业资产管理业务,物业资产管理业务
39,45,深纺织A,深圳市纺织(集团)股份有限公司,深圳市,福田区,14.76亿,7366.17万,1338,1994-08-15,--,,显示器件,--,"以液晶显示用偏光片的研发、生产、营销为代表的高新技术产业,同时还有以地处深圳繁华商业区为主的物业经营管理业务及保留的高档纺织服装业务。"
40,46,泛海控股,泛海控股股份有限公司,北京市,东城区,168.76亿,30.93亿,10201,1994-09-12,--,,房地产开发,--,金融、房地产、战略投资等业务
序号,股票代码,股票简称,公司名称,省份,城市,主营业务收入(201712),净利润(201712),员工人数,上市日期,招股书,公司财报,行业分类,产品类型,主营业务
41,48,京基智农,深圳市京基智农时代股份有限公司,深圳市,罗湖区,15.50亿,-1.39亿,746,1994-11-01,--,,饲料,--,交通运输、自来水供应，房地产开发、物业管理，肉猪、肉鸡养殖，饲料生产销售
42,49,德赛电池,深圳市德赛电池科技股份有限公司,深圳市,南山区,124.86亿,3.64亿,9744,1995-03-20,--,,电池,--,生产制造电源管理系统及各类锂电池
43,50,深天马A,天马微电子股份有限公司,深圳市,福田区,238.24亿,15.35亿,39842,1995-03-15,--,,显示器件,--,从事液晶显示器及相关材料、设备、产品的设计、制造、销售
44,55,方大集团,方大集团股份有限公司,深圳市,南山区,29.47亿,11.51亿,2395,1996-04-15,--,,其他建材,--,高端幕墙系统及材料产业、轨道交通屏蔽门设备产业、新能源产业、房地产等业务。
45,56,皇庭国际,深圳市皇庭国际企业股份有限公司,深圳市,福田区,8.08亿,1.52亿,618,1996-07-08,--,,物业租赁、物业管理,--,商业不动产运营管理业务、资产管理业务以及各配套服务业务
46,58,深赛格,深圳赛格股份有限公司,深圳市,福田区,20.30亿,3.08亿,2793,1996-12-26,--,,专业市场,--,电子专业市场及配套项目的开发及经营、物业租赁服务业务、IT产品渠道零售终端业务、电子商务和小额贷款增值业务。
47,59,华锦股份,北方华锦化学工业股份有限公司,盘锦市,双台子区,337.14亿,19.41亿,8649,1997-01-30,--,,石油加工,--,石油化工产品、化学肥料的生产与销售。
48,60,中金岭南,深圳市中金岭南有色金属股份有限公司,深圳市,福田区,190.16亿,10.94亿,9611,1997-01-23,--,,铅锌,--,有色金属矿产品、冶炼产品、深加工产品、综合利用产品及电池材料、铝型材、幕墙工程、出租车营运、房地产开发等
49,61,农产品,深圳市农产品集团股份有限公司,深圳市,罗湖区,24.46亿,6117.25万,4644,1997-01-10,--,,专业市场,--,农产品批发市场的开发、建设、经营和管理，大宗农产品电子交易和蔬菜种植等。
50,62,深圳华强,深圳华强实业股份有限公司,深圳市,福田区,85.46亿,4.64亿,1887,1997-01-30,--,,专业市场,--,面向电子信息产业链的现代高端服务业，为产业链上的各环节提供线上线下交易服务、产品服务、技术服务、交易信息服务和创新创业配套服务，打造面向电子信息产业的国内一流交易服务和创新创业服务双平台。
51,63,中兴通讯,中兴通讯股份有限公司,深圳市,南山区,1088.15亿,53.86亿,70066,1997-11-18,--,,通信传输设备,--,设计、开发、生产、分销及安装各种先进的ICT领域系统、设备和终端
52,65,北方国际,北方国际合作股份有限公司,北京市,丰台区,97.30亿,5.43亿,1710,1998-06-05,--,,专业工程,--,国际工程承包、国内建筑工程、重型装备出口贸易、物流服务、物流自动化设备系统集成服务、太阳能
53,66,中国长城,中国长城科技集团股份有限公司,深圳市,南山区,95.07亿,6.96亿,13571,1997-06-26,--,,PC、服务器及硬件,--,计算机及相关设备制造，高新电子业务，涉及军事通信、卫星与定位导航、海洋信息安全产业及军用自主可控计算机及网络等领域。
54,68,华控赛格,深圳华控赛格股份有限公司,深圳市,宝安区,4.13亿,3264.41万,554,1997-06-11,--,,环保材料,--,节能环保和新材料
55,69,华侨城A,深圳华侨城股份有限公司,深圳市,南山区,423.41亿,93.18亿,25003,1997-09-10,--,,景区,--,主题公园、酒店服务、房地产开发、纸包装等
56,70,特发信息,深圳市特发信息股份有限公司,深圳市,南山区,54.73亿,2.98亿,3615,2000-05-11,--,,通信传输设备,--,光纤、光缆、通信设备的生产和销售
57,78,海王生物,深圳市海王生物工程股份有限公司,深圳市,南山区,249.40亿,8.21亿,11332,1998-12-18,--,,医药商业,--,生物制品、生化制品、海洋药物、海洋生物制品、中成药的生产销售
58,88,盐田港,深圳市盐田港股份有限公司,深圳市,盐田区,3.44亿,4.33亿,823,1997-07-28,--,,港口,--,"港口投资开发和经营；货物装卸与运输业务,码头建设工程管理,收费高速公路运营管理,出口货物监管仓和其他港口配套仓储物流经营。"
59,89,深圳机场,深圳市机场股份有限公司,深圳市,宝安区,33.20亿,6.75亿,5602,1998-04-20,--,,机场,--,航空客货运输地面服务、郊区公路客货运输、航空客货物流代理业务等劳务。
60,90,天健集团,深圳市天健(集团)股份有限公司,深圳市,福田区,67.50亿,5.98亿,9530,1999-07-21,--,,专业工程,--,提供商品住宅的开发及销售、工程施工劳务、物业租赁服务、物业管理服务、商业运营及服务。
序号,股票代码,股票简称,公司名称,省份,城市,主营业务收入(201712),净利润(201712),员工人数,上市日期,招股书,公司财报,行业分类,产品类型,主营业务
61,96,广聚能源,深圳市广聚能源股份有限公司,深圳市,南山区,12.43亿,1.55亿,400,2000-07-24,--,,石油天然气贸易,--,从事油品、液化石油气销售、液体化工品仓储及电力投资
62,99,中信海直,中信海洋直升机股份有限公司,深圳市,罗湖区,12.70亿,9557.90万,1035,2000-07-31,--,,航空,--,通用航空飞行服务和维修服务
63,100,TCL科技,TCL科技集团股份有限公司,惠州市,惠城区,1117.27亿,35.45亿,35379,2004-01-30,--,,电视机,--,以半导体显示技术及材料业务为主，产业金融和投资业务为辅
64,150,宜华健康,宜华健康医疗股份有限公司,汕头市,澄海区,21.16亿,1.84亿,11760,2000-08-07,--,,医疗服务,--,健康医疗服务
65,151,中成股份,中成进出口股份有限公司,北京市,丰台区,22.29亿,8843.59万,352,2000-09-06,--,,贸易,--,成套设备与技术进出口、一般贸易和境外经营。
66,153,丰原药业,安徽丰原药业股份有限公司,芜湖市,无为县,25.78亿,6534.81万,4668,2000-09-20,--,,化学制剂,--,生物药、中药、化学合成药及其制剂等方面的研究、开发、生产和销售。
67,155,川能动力,四川省新能源动力股份有限公司,成都市,青白江区,65.09亿,3.82亿,229,2000-09-26,--,,氮肥,--,"风力发电和光伏发电,以及新能源综合服务业务。"
68,156,华数传媒,华数传媒控股股份有限公司,杭州市,滨江区,32.09亿,6.41亿,4998,2000-09-06,--,,有线电视,--,杭州地区有线电视网络运营和面向全国的互动电视、手机电视、互联网电视、互联网视频、广告等传媒信息服务业
69,157,中联重科,中联重科股份有限公司,长沙市,岳麓区,232.73亿,12.48亿,19016,2000-10-12,--,,工程机械,--,混凝土机械、起重机械、路面机械、环卫机械等产品及配套件的开发、生产、销售和租赁。
70,158,常山北明,石家庄常山北明科技股份有限公司,石家庄市,长安区,112.54亿,3.55亿,5084,2000-07-24,--,,棉纺,--,软件及信息技术服务和纺织两大板块
71,159,国际实业,新疆国际实业股份有限公司,乌鲁木齐市,新市区,3.56亿,-7113.14万,295,2000-09-26,--,,石油天然气贸易,--,油品批发、零售、仓储、运输；能源贸易；房地产开发与销售。
72,166,申万宏源,申万宏源集团股份有限公司,乌鲁木齐市,天山区,133.68亿,47.26亿,13022,2015-01-26,--,,证券,--,金融投资、股权投资等
73,301,东方盛虹,江苏东方盛虹股份有限公司,苏州市,吴江区,162.99亿,14.29亿,15931,2000-05-29,--,,火电,--,民用涤纶长丝的研发、生产和销售以及PTA、热电的生产、销售等。
74,333,美的集团,美的集团股份有限公司,佛山市,顺德区,2419.19亿,186.11亿,134897,2013-09-18,--,,空调、小家电,--,以家电产业为主，涉足电机、物流等领域，旗下分为四大业务板块，分别为大家电、小家电、电机及物流
75,338,潍柴动力,潍柴动力股份有限公司,潍坊市,奎文区,1515.69亿,91.78亿,43822,2007-04-30,--,,汽车零部件,--,研究、生产及销售发动机及其零部件、重型汽车、重型汽车车桥、变速箱及其他汽车零部件等业务
76,400,许继电气,许继电气股份有限公司,许昌市,魏都区,103.29亿,6.82亿,5383,1997-04-18,--,,电气自控设备,--,从事电力系统二次设备和一次设备的研制、销售
77,401,冀东水泥,唐山冀东水泥股份有限公司,唐山市,丰润区,251.68亿,9.40亿,24153,1996-06-14,--,,水泥,--,生产和销售水泥、熟料以及石灰石开采和销售
78,402,金融街,金融街控股股份有限公司,北京市,西城区,255.19亿,41.03亿,3867,1996-06-26,--,,房地产开发,--,房地产开发和经营
79,403,双林生物,南方双林生物制药股份有限公司,太原市,小店区,6.85亿,1524.47万,875,1996-06-28,--,,生物医药,--,生产和销售血液制品
80,404,长虹华意,长虹华意压缩机股份有限公司,景德镇市,昌江区,81.14亿,2.12亿,7802,1996-06-19,--,,压缩机,--,从事无氟压缩机的生产与销售业务。
序号,股票代码,股票简称,公司名称,省份,城市,主营业务收入(201712),净利润(201712),员工人数,上市日期,招股书,公司财报,行业分类,产品类型,主营业务
81,407,胜利股份,山东胜利股份有限公司,济南市,历下区,38.28亿,1.23亿,2121,1996-07-03,--,,燃气,--,天然气、生物、农化、塑胶等产业组成
82,408,*ST藏格,藏格控股股份有限公司,海西蒙古族藏族自治州,格尔木市,31.73亿,12.17亿,1707,1996-06-28,--,,钾肥,--,钾肥(氯化钾)的生产和销售。
83,409,ST地矿,山东地矿股份有限公司,济南市,历城区,14.30亿,-2.71亿,1450,1996-06-27,--,,综合,--,矿业开发、医药制造、特种轮胎制造、贸易和房地产开发
84,410,*ST沈机,沈阳机床股份有限公司,沈阳市,于洪区,41.89亿,1.08亿,7965,1996-07-18,--,,机床设备,--,金属切削机床制造
85,411,英特集团,浙江英特集团股份有限公司,杭州市,下城区,189.07亿,1.91亿,--,1996-07-16,--,,医药商业,--,主要从事药品及医疗器械批发业务
86,413,东旭光电,东旭光电科技股份有限公司,石家庄市,石家庄市,172.77亿,19.21亿,4986,1996-09-25,--,,显示器件,--,电真空玻璃器件及其配套电子元器件的生产与销售和平板显示玻璃基板及其装备的研发、生产与销售等
87,415,渤海租赁,渤海租赁股份有限公司,乌鲁木齐市,沙依巴克区,359.34亿,31.56亿,652,1996-07-16,--,,其他非银行金融,--,从事飞机租赁业务，集装箱租赁业务及境内基础设施，高端设备，商业物业，新能源等租赁业务。
88,416,民生控股,民生控股股份有限公司,青岛市,崂山区,7141.84万,2976.15万,50,1996-07-19,--,,其他非银行金融,--,典当业务及保险经纪业务
89,417,合肥百货,合肥百货大楼集团股份有限公司,合肥市,庐阳区,103.90亿,2.96亿,9561,1996-08-12,--,,百货,--,百货零售业、农产品交易市场两大类业务
90,418,小天鹅A,无锡小天鹅股份有限公司,无锡市,无锡市,213.85亿,17.08亿,11459,1997-03-28,--,,洗衣机,主营业务:家用洗衣机的研发、生产和销售,家用洗衣机的研发、生产和销售
91,419,通程控股,长沙通程控股股份有限公司,长沙市,雨花区,40.45亿,1.48亿,2807,1996-08-16,--,,百货,--,商业零售业、典当业及旅游酒店业
92,420,吉林化纤,吉林化纤股份有限公司,吉林市,昌邑区,21.98亿,8542.14万,5520,1996-08-02,--,,粘胶纤维,--,从事粘胶纤维的生产和销售，从事醋酐的生产和研发。
93,421,南京公用,南京公用发展股份有限公司,南京市,建邺区,36.09亿,2.49亿,3412,1996-08-06,--,,燃气,--,客运业务、燃气业务及房地产业务
94,422,ST宜化,湖北宜化化工股份有限公司,宜昌市,猇亭区,119.55亿,-51.47亿,8401,1996-08-15,--,,氮肥,--,化肥产品(尿素、磷酸二铵等)、化工产品(聚氯乙烯、烧碱等)的生产、销售。
95,423,东阿阿胶,东阿阿胶股份有限公司,聊城市,东阿县,73.72亿,20.44亿,4952,1996-07-29,--,,中药生产,--,从事阿胶及阿胶系列产品的研发、生产和销售业务
96,425,徐工机械,徐工集团工程机械股份有限公司,徐州市,鼓楼区,291.31亿,10.29亿,14449,1996-08-28,--,,工程机械,--,主要从事工程起重机械、铲运机械、压实机械、混凝土机械、路面机械、消防机械、其他工程机械及工程机械备件的研发、制造和销售。
97,426,兴业矿业,内蒙古兴业矿业股份有限公司,赤峰市,松山区,21.11亿,5.54亿,332,1996-08-28,--,,铅锌,--,有色金属采选及冶炼
98,428,华天酒店,华天酒店集团股份有限公司,长沙市,芙蓉区,10.63亿,-7069.54万,4450,1996-08-08,--,,酒店,--,住宿、餐饮。
99,429,粤高速A,广东省高速公路发展股份有限公司,广州市,越秀区,30.89亿,17.10亿,2154,1998-02-20,--,,高速公路,--,收费高速公路、桥梁的投资、建设、收费和养护管理。
100,430,张家界,张家界旅游集团股份有限公司,张家界市,永定区,5.50亿,6602.45万,1118,1996-08-29,--,,景区,--,旅游项目经营；旅游客运；旅行社经营；其他：酒店经营、房屋租赁、广告代理等
序号,股票代码,股票简称,公司名称,省份,城市,主营业务收入(201712),净利润(201712),员工人数,上市日期,招股书,公司财报,行业分类,产品类型,主营业务
101,488,晨鸣纸业,山东晨鸣纸业集团股份有限公司,潍坊市,寿光市,294.72亿,37.59亿,12649,2000-11-20,--,,造纸,--,机制纸及板纸和造纸原料、造纸机械、电力、热力的生产与销售
102,498,山东路桥,山东高速路桥集团股份有限公司,济南市,市中区,123.85亿,5.78亿,10394,1997-06-09,--,,路桥建设,--,路桥工程施工与养护施工
103,501,鄂武商A,武汉武商集团股份有限公司,武汉市,江汉区,181.22亿,12.41亿,9376,1992-11-20,--,,百货,--,商业零售及批发业务
104,502,绿景控股,绿景控股股份有限公司,广州市,海珠区,2206.13万,-8477.38万,133,1992-11-23,--,,房地产开发,--,从事房地产开发及物业管理业务
105,503,国新健康,国新健康保障服务集团股份有限公司,海口市,龙华区,1.84亿,-29.97万,1157,1992-11-30,--,,电子商务B2B,--,医药电子商务、医疗福利管理等
106,504,ST生物,南华生物医药股份有限公司,长沙市,天心区,6739.30万,-3624.92万,351,1992-12-08,--,,节能环保,--,生物医药、节能环保
107,505,京粮控股,海南京粮控股股份有限公司,海口市,龙华区,79.18亿,2.09亿,2971,1992-12-21,--,,房地产开发,--,植物油加工及食品制造。
108,506,中润资源,中润资源投资股份有限公司,济南市,历下区,7.69亿,-4.75亿,1500,1993-03-12,--,,黄金,--,矿业投资与房地产开发
109,507,珠海港,珠海港股份有限公司,珠海市,珠海市,19.60亿,1.66亿,2420,1993-03-26,--,,港口,--,港口及其配套设施的项目投资；电力项目投资；玻璃纤维制品项目投资；饮料项目投资；化工原料及化工产品项目投资。
110,509,*ST华塑,华塑控股股份有限公司,南充市,顺庆区,22.41亿,1237.43万,62,1993-05-07,--,,其他建材,--,园林工程、大宗商品贸易。
111,510,新金路,四川新金路集团股份有限公司,德阳市,旌阳区,17.28亿,4228.80万,2485,1993-05-07,--,,氯碱,--,从事PCV树脂和烧碱的生产与销售
112,511,烯碳退,银基烯碳新材料集团股份有限公司,沈阳市,沈河区,24.12亿,1.07亿,160,1993-05-18,--,,非金属新材料,"主营业务:石墨类产品、石墨烯及纳米碳、碳素类产品、耐火材料、活性碳类产品、烯碳新材料、稀土碳基复合材料、矿产品、金属和非金属材料销售(不含危险化学品),烯碳新材料技术开发和技术转让,城市基础设施投资等。","石墨类产品、石墨烯及纳米碳、碳素类产品、耐火材料、活性碳类产品、烯碳新材料、稀土碳基复合材料、矿产品、金属和非金属材料销售(不含危险化学品),烯碳新材料技术开发和技术转让,城市基础设施投资等。"
113,513,丽珠集团,丽珠医药集团股份有限公司,珠海市,金湾区,85.31亿,44.88亿,9019,1993-10-28,--,,化学制剂,--,研究、开发、生产和销售医药产品。
114,514,渝开发,重庆渝开发股份有限公司,重庆市,渝中区,10.41亿,9849.10万,766,1993-07-12,--,,房地产开发,--,主要从事房地产开发、房屋销售及租赁、物业管理、会展经营、酒店经营管理、市政工程代理。
115,516,国际医学,西安国际医学投资股份有限公司,西安市,碑林区,40.60亿,1.90亿,6225,1993-08-09,--,,百货,--,大健康医疗服务和现代医学技术转化应用
116,517,荣安地产,荣安地产股份有限公司,宁波市,海曙区,42.64亿,5.42亿,1595,1993-08-06,--,,房地产开发,--,从事房地产开发、经营；物业服务；建设工程承包等
117,518,四环生物,江苏四环生物股份有限公司,无锡市,江阴市,3.46亿,1065.03万,331,1993-09-08,--,,生物医药,--,药品、保健品的研发、生产和销售
118,519,中兵红箭,中兵红箭股份有限公司,湘潭市,湘潭市,47.75亿,1.20亿,8342,1993-10-08,--,,超硬材料,--,超硬材料及其制品和内燃机配件的研发、生产、销售
119,520,长航凤凰,长航凤凰股份有限公司,武汉市,江汉区,8.32亿,5081.98万,293,1993-10-25,--,,航运,--,从事干货运输
120,521,长虹美菱,长虹美菱股份有限公司,合肥市,蜀山区,167.97亿,3609.45万,--,1993-10-18,--,,冰箱、空调,--,冰箱、冰柜、空调、洗衣机白色家电产品研发、生产与销售。
序号,股票代码,股票简称,公司名称,省份,城市,主营业务收入(201712),净利润(201712),员工人数,上市日期,招股书,公司财报,行业分类,产品类型,主营业务
121,523,广州浪奇,广州市浪奇实业股份有限公司,广州市,天河区,118.11亿,3379.96万,1055,1993-11-08,--,,洗涤产品,--,日化产品的生产及化工原材料的生产和销售
122,524,岭南控股,广州岭南集团控股股份有限公司,广州市,越秀区,63.92亿,1.85亿,6116,1993-11-18,--,,餐饮,--,为集商旅出行、住宿、会展、景区、汽车服务等业务为一体
123,525,红太阳,南京红太阳股份有限公司,南京市,高淳区,50.72亿,7.23亿,3395,1993-10-28,--,,农药,--,原药和制剂产品的生产销售、化肥生态肥的销售
124,526,紫光学大,厦门紫光学大股份有限公司,厦门市,湖里区,28.12亿,2258.00万,14098,1993-11-01,--,,教育培训,--,教育培训服务
125,528,柳工,广西柳工机械股份有限公司,柳州市,柳南区,119.39亿,3.69亿,10334,1993-11-18,--,,工程机械,--,装载机、挖掘机、起重机、压路机、叉车、平地机、推土机、铣刨机、摊铺机、滑移装载机、挖掘装载机等工程机械及配件的生产、销售，以及融资租赁业务
126,529,广弘控股,广东广弘控股股份有限公司,广州市,天河区,23.06亿,1.56亿,1647,1993-11-18,--,,肉制品,--,肉类食品供应和教育出版物发行
127,530,冰山冷热,冰山冷热科技股份有限公司,大连市,沙河口区,20.80亿,2.05亿,1582,1993-12-08,--,,制冷空调设备,--,工业制冷、食品冷冻冷藏、中央及商用空调以及制冷部件等制冷设备的生产和安装。
128,531,穗恒运A,广州恒运企业集团股份有限公司,广州市,萝岗区,29.65亿,2.02亿,1185,1994-01-06,--,,火电,--,电力、热力的生产和销售
129,532,华金资本,珠海华金资本股份有限公司,珠海市,香洲区,4.79亿,6476.27万,610,1994-01-03,--,,电子零部件,--,从事投资与资产管理、电子设备制造、电子器件制造、水质净化等业务。
130,533,顺钠股份,广东顺钠电气股份有限公司,佛山市,顺德区,82.67亿,6662.72万,1279,1994-01-03,--,,厨卫电器,--,输配电设备业务、供应链管理业务
131,534,万泽股份,万泽实业股份有限公司,汕头市,龙湖区,2.55亿,7720.06万,861,1994-01-10,--,,房地产开发,--,微生态制剂、高温合金的研发、生产及销售
132,536,*ST华映,华映科技(集团)股份有限公司,福州市,马尾区,48.89亿,1.98亿,3300,1993-11-26,--,,显示器件,--,从事新型平板显示器件、液晶显示屏、模组及零部件的研发、设计、生产、销售和售后服务。
133,537,广宇发展,天津广宇发展股份有限公司,天津市,滨海新区,216.43亿,22.18亿,2251,1993-12-10,--,,房地产开发,--,房地产开发与销售
134,538,云南白药,云南白药集团股份有限公司,昆明市,呈贡区,243.15亿,31.33亿,--,1993-12-15,--,,中药生产,--,制造和销售以云南白药系列产品和天然植物药系列产品为主的各类药品。
135,539,粤电力A,广东电力发展股份有限公司,广州市,天河区,266.44亿,11.38亿,6688,1993-11-26,--,,火电,--,主要从事电力项目的投资、建设和经营管理，电力的生产和销售业务
136,540,中天金融,中天金融集团股份有限公司,贵阳市,贵阳市,172.64亿,21.44亿,--,1994-02-02,--,,房地产开发,--,房地产及金融业务
137,541,佛山照明,佛山电器照明股份有限公司,佛山市,禅城区,38.00亿,7.46亿,7541,1993-11-23,--,,照明设备,--,照明产品的生产、研发和销售
138,543,皖能电力,安徽省皖能股份有限公司,合肥市,包河区,122.07亿,7929.25万,3498,1993-12-20,--,,火电,--,从事投资建设、经营管理以电力生产为主的能源项目
139,544,中原环保,中原环保股份有限公司,郑州市,金水区,9.76亿,3.23亿,1584,1993-12-08,--,,污水处理,--,城市污水处理和集中供热业务。
140,545,金浦钛业,金浦钛业股份有限公司,吉林市,昌邑区,17.41亿,1.66亿,990,1993-12-15,--,,其他化学原料,--,钛白粉生产及销售
序号,股票代码,股票简称,公司名称,省份,城市,主营业务收入(201712),净利润(201712),员工人数,上市日期,招股书,公司财报,行业分类,产品类型,主营业务
141,546,金圆股份,金圆环保股份有限公司,长春市,朝阳区,50.73亿,4.02亿,3403,1993-12-15,--,,水泥,--,以水泥、商砼业务为核心的建材产业和以固(危)废处置为核心的环保产业两大业务板块。
142,547,航天发展,航天工业发展股份有限公司,福州市,台江区,24.91亿,3.19亿,2326,1993-11-30,--,,通信传输设备,--,电子蓝军、指控通信、电磁安防和发电设备四大主营业务
143,548,湖南投资,湖南投资集团股份有限公司,长沙市,芙蓉区,9.71亿,1.22亿,811,1993-12-20,--,,高速公路,--,路桥收费、酒店经营和房地产开发、现代物业管理
144,550,江铃汽车,江铃汽车股份有限公司,南昌市,青云谱区,313.46亿,6.91亿,14788,1993-12-01,--,,商用车,--,生产和销售商用车、SUV以及相关的零部件
145,551,创元科技,创元科技股份有限公司,苏州市,虎丘区,25.91亿,1.35亿,2636,1994-01-06,--,,综合,--,洁净环保工程及设备、输变电高压瓷绝缘子、滚针轴承、各类光机电算一体化测绘仪器、各类磨料磨具等产品的生产经营。
146,552,靖远煤电,甘肃靖远煤电股份有限公司,白银市,平川区,39.81亿,5.53亿,12439,1994-01-06,--,,煤炭开采洗选,--,煤炭的生产与销售
147,553,安道麦A,安道麦股份有限公司,荆州市,沙市区,238.20亿,15.46亿,7751,1993-12-03,--,,农药,--,农药、化工产品的制造和销售，农药、化工产品及其中间体的进出口贸易
148,554,泰山石油,中国石化山东泰山石油股份有限公司,泰安市,泰山区,27.19亿,284.67万,1383,1993-12-15,--,,石油天然气贸易,--,成品油的批发和零售、天然气的零售
149,555,神州信息,神州数码信息服务股份有限公司,深圳市,南山区,81.87亿,3.18亿,10209,1994-04-08,--,,其他软件服务,--,技术服务、农业信息化、应用软件开发、金融专用设备相关业务及集成解决方案。
150,557,西部创业,宁夏西部创业实业股份有限公司,银川市,金凤区,6.60亿,8699.15万,1136,1994-06-17,--,,铁路运输,--,生态农业产业化、酒的研发、生产与销售，铁路开发建设与经营管理、仓储和物流服务。
151,558,莱茵体育,莱茵达体育发展股份有限公司,杭州市,西湖区,13.24亿,4496.12万,168,1994-05-09,--,,体育运营,--,体育运营、房地产销售及租赁、能源及贸易销售
152,559,万向钱潮,万向钱潮股份有限公司,杭州市,萧山区,111.54亿,9.24亿,8274,1994-01-10,--,,汽车零部件,--,生产底盘及悬架系统，汽车制动系统，汽车传动系统，汽车燃油排气系统，轮毂单元，轴承，精密件，工程机械零部件等汽车系统零部件及总成。
153,560,我爱我家,我爱我家控股集团股份有限公司,昆明市,五华区,13.19亿,7576.63万,47864,1994-02-02,--,,百货,--,房地产综合服务业务、商业零售业，同时涉及房地产业、酒店旅游服务业和物业管理。
154,561,烽火电子,陕西烽火电子股份有限公司,宝鸡市,宝鸡市,12.17亿,8891.02万,2894,1994-05-09,--,,通信终端设备,--,从事通信装备及电声器材的科研、生产、销售。
155,563,陕国投A,陕西省国际信托股份有限公司,西安市,雁塔区,11.51亿,3.52亿,639,1994-01-10,--,,信托,--,投资银行的一般业务
156,564,供销大集,供销大集集团股份有限公司,西安市,新城区,277.90亿,14.74亿,4845,1994-01-10,--,,百货,--,商业零售
157,565,渝三峡A,重庆三峡油漆股份有限公司,重庆市,江津区,36.09亿,8112.54万,915,1994-04-08,--,,涂料涂漆,--,油漆涂料的生产销售。
158,566,海南海药,海南海药股份有限公司,海口市,秀英区,18.25亿,8120.67万,2588,1994-05-25,--,,化学制剂,--,药品及医疗器械研发、生产和销售
159,567,海德股份,海南海德资本管理股份有限公司,海口市,海口市,2.03亿,7326.83万,58,1994-05-25,--,,其他非银行金融,--,不良资产收购处置类业务、不良资产收购重组类业务、不良资产ABS业务以及事务管理类业务
160,568,泸州老窖,泸州老窖股份有限公司,泸州市,江阳区,103.95亿,26.02亿,3228,1994-05-09,--,,白酒,--,“国窖1573”、“泸州老窖”等系列白酒的研发、生产和销售
序号,股票代码,股票简称,公司名称,省份,城市,主营业务收入(201712),净利润(201712),员工人数,上市日期,招股书,公司财报,行业分类,产品类型,主营业务
161,570,苏常柴A,常柴股份有限公司,常州市,钟楼区,24.23亿,4713.72万,3010,1994-07-01,--,,内燃机,--,以“常柴牌”为商标的中小型单缸和多缸柴油机的生产及销售
162,571,*ST大洲,新大洲控股股份有限公司,海口市,美兰区,16.03亿,4470.77万,3558,1994-05-25,--,,煤炭开采洗选,--,煤炭采掘;物流运输;电动车的生产经营和物业管理等
163,572,ST海马,海马汽车股份有限公司,海口市,海口市,100.79亿,-14.15亿,3655,1994-08-08,--,,乘用车,--,汽车及汽车发动机的研发、制造、销售、物流配送及相关业务，金融服务业
164,573,粤宏远A,东莞宏远工业区股份有限公司,东莞市,东莞市,5.66亿,3162.54万,267,1994-08-15,--,,房地产开发,--,开发经营工业区、房地产开发销售、原煤开采销售
165,576,广东甘化,江门甘蔗化工厂(集团)股份有限公司,江门市,蓬江区,4.75亿,-2.84亿,232,1994-09-07,--,,造纸,--,贸易业务和电源产品、预制破片等军工产品的研发、生产、销售。
166,581,威孚高科,无锡威孚高科技集团股份有限公司,无锡市,滨湖区,90.17亿,26.47亿,5441,1998-09-24,--,,汽车零部件,--,汽车燃油喷射系统、汽车后处理系统、发动机进气系统等产品的开发、制造和销售业务
167,582,北部湾港,北部湾港股份有限公司,北海市,海城区,37.11亿,6.43亿,7197,1995-11-02,--,,港口,--,从事投资兴建港口、码头、装卸、仓储管理及服务，交通运输（普通货运），机械加工及修理，外轮代理、物流代理服务，国内、国际商业贸易等
168,584,哈工智能,江苏哈工智能机器人股份有限公司,无锡市,江阴市,15.72亿,1.15亿,1013,1995-11-28,--,,氨纶,--,智能制造业务，房地产销售、租赁业务以及氨纶生产销售业务。
169,585,*ST东电,东北电气发展股份有限公司,常州市,新北区,3298.59万,-3.98亿,162,1995-12-13,--,,其他输变电设备,--,电力电容器及封闭母线等系统保护及传输设备的制造和营销
170,586,汇源通信,四川汇源光通信股份有限公司,成都市,金牛区,3.90亿,94.63万,--,1995-12-20,--,,通信传输设备,--,通信工程及系统集成业务、光纤、光缆及相关产品业务
171,587,*ST金洲,金洲慈航集团股份有限公司,伊春市,伊春区,116.98亿,11.10亿,118,1996-04-25,--,,珠宝首饰,--,黄金珠宝首饰研发设计、加工制造、批发零售及品牌加盟，融资租赁
172,589,贵州轮胎,贵州轮胎股份有限公司,贵阳市,乌当区,69.60亿,-2.22亿,6052,1996-03-08,--,,轮胎,--,轮胎生产及销售
173,590,启迪古汉,启迪古汉集团股份有限公司,衡阳市,蒸湘区,3.44亿,990.60万,1336,1996-01-19,--,,中药生产,--,主要生产销售以古汉养生精（口服液、片剂）为代表的中成药系列产品，以克林霉素磷酸酯小针剂和各类输液为主的西药制剂系列产品。
174,591,太阳能,中节能太阳能股份有限公司,重庆市,渝中区,52.05亿,8.11亿,1824,1996-02-08,--,,新能源发电,--,"太阳能光伏电站的投资运营,以及太阳能电池组件的生产销售"
175,592,平潭发展,中福海峡(平潭)发展股份有限公司,福州市,平潭县,8.48亿,-687.32万,1127,1996-03-27,--,,木材加工,--,造林营林、林木产品加工与销售、以烟草化肥销售为主的农资贸易业务和与平潭综合实验区开发项目的有关业务。
176,593,大通燃气,四川大通燃气开发股份有限公司,成都市,成华区,4.86亿,2681.59万,1090,1996-03-12,--,,燃气,--,城市管道燃气和零售商业
177,595,*ST宝实,宝塔实业股份有限公司,银川市,西夏区,4.36亿,2783.79万,1335,1996-04-19,--,,基础件,--,轴承制造、物资贸易
178,596,古井贡酒,安徽古井贡酒股份有限公司,亳州市,亳州市,69.68亿,11.85亿,9681,1996-09-27,--,,白酒,--,白酒的生产与销售、包装材料的生产与销售、农副产品的加工与生产、酒店餐饮等
179,597,东北制药,东北制药集团股份有限公司,沈阳市,于洪区,56.76亿,9205.77万,7826,1996-05-23,--,,化学原料药,--,生产和销售化学原料药品及制剂药品、经营医药产品批发及零售、生物制剂的生产与销售
180,598,兴蓉环境,成都市兴蓉环境股份有限公司,成都市,青羊区,37.31亿,9.16亿,3912,1996-05-29,--,,污水处理,--,自来水供应、污水处理及垃圾渗滤液处理。
序号,股票代码,股票简称,公司名称,省份,城市,主营业务收入(201712),净利润(201712),员工人数,上市日期,招股书,公司财报,行业分类,产品类型,主营业务
181,599,青岛双星,青岛双星股份有限公司,青岛市,黄岛区,39.98亿,1.02亿,4648,1996-04-30,--,,轮胎,--,轮胎、机械等产品的生产及销售。
182,600,建投能源,河北建投能源投资股份有限公司,石家庄市,石家庄市,105.69亿,3.12亿,4540,1996-06-06,--,,火电,--,投资、建设、运营管理以电力生产为主的能源项目
183,601,韶能股份,广东韶能集团股份有限公司,韶关市,武江区,35.94亿,4.58亿,4962,1996-08-30,--,,火电,--,电力生产与销售
184,603,盛达资源,盛达金属资源股份有限公司,北京市,大兴区,13.34亿,4.62亿,1380,1996-08-23,--,,铅锌,--,有色金属矿采选，铅精粉（含银）、锌精粉的生产和销售
185,605,渤海股份,渤海水业股份有限公司,北京市,顺义区,16.63亿,1.75亿,1795,1996-09-13,--,,水务,--,原水和自来水开发供应、管道输水运输、供水设施管理、维护和保养、水务基础设施投资建设及运营管理。
186,606,顺利办,顺利办信息服务股份有限公司,西宁市,城东区,5.16亿,7759.19万,2143,1996-10-04,--,,其他互联网服务,--,互联网服务业务
187,607,华媒控股,浙江华媒控股股份有限公司,杭州市,下城区,18.32亿,2.10亿,2797,1996-08-30,--,,营销服务,--,经营广告、报刊发行、印刷及新媒体业务、新增教育培训
188,608,阳光股份,阳光新业地产股份有限公司,南宁市,江南区,5.34亿,1.90亿,109,1996-09-19,--,,房地产开发,--,房地产开发与销售，投资性房地产出租与资产管理输出服务
189,609,中迪投资,北京中迪投资股份有限公司,北京市,丰台区,2.71亿,1.34亿,195,1996-10-10,--,,综合,--,股权投资和资产投资
190,610,西安旅游,西安旅游股份有限公司,西安市,碑林区,7.30亿,-2012.53万,691,1996-09-26,--,,景区,--,酒店经营管理、餐饮服务、旅行社、商业地产开发租赁、企业管理咨询、物业管理服务和劳务输出等。
191,611,ST天首,内蒙古天首科技发展股份有限公司,包头市,青山区,4077.93万,-2152.78万,36,1996-10-08,--,,纺织,--,纺织品加工、销售，高硅硅锰铁合金等新材料贸易
192,612,焦作万方,焦作万方铝业股份有限公司,焦作市,马村区,50.17亿,1.76亿,2747,1996-09-26,--,,铝,--,铝冶炼及加工
193,613,大东海A,海南大东海旅游中心股份有限公司,三亚市,三亚市,2790.66万,285.90万,133,1997-01-28,--,,酒店,--,旅游服务业中的住宿和餐饮
194,615,京汉股份,京汉实业投资集团股份有限公司,襄阳市,樊城区,27.95亿,4.18亿,3728,1996-10-16,--,,房地产开发,--,房地产业务和粘胶纤维业务
195,616,海航投资,海航投资集团股份有限公司,大连市,中山区,9670.73万,792.84万,179,1996-11-08,--,,房地产开发,--,以商品住宅及商铺的开发和销售为主；物业管理与经营服务等。
196,617,中油资本,中国石油集团资本股份有限公司,克拉玛依市,克拉玛依区,293.05亿,135.12亿,4361,1996-10-22,--,,其他非银行金融,--,以自有资金对外投资、投资管理；投资咨询服务，企业策划；企业投资服务。
197,619,海螺型材,芜湖海螺型材科技股份有限公司,芜湖市,鸠江区,30.88亿,1478.16万,3812,1996-10-23,--,,其他建材,--,主要生产销售塑料型材、门窗等节能建筑材料。
198,620,新华联,新华联文化旅游发展股份有限公司,北京市,通州区,74.41亿,8.53亿,8398,1996-10-29,--,,房地产开发,--,房地产开发、经营与建筑装修
199,622,恒立实业,恒立实业发展集团股份有限公司,岳阳市,岳阳楼区,5873.31万,-3669.78万,137,1996-11-07,--,,汽车零部件,--,汽车空调及零部件业务和贸易
200,623,吉林敖东,吉林敖东药业集团股份有限公司,延边朝鲜族自治州,敦化市,29.77亿,18.45亿,3997,1996-10-28,--,,中药生产,--,制药业为主导产业，集养殖、种植、房地产开发、商业、机械修理、仓储、饮食服务业、运输等多业经营
序号,股票代码,股票简称,公司名称,省份,城市,主营业务收入(201712),净利润(201712),员工人数,上市日期,招股书,公司财报,行业分类,产品类型,主营业务
201,625,长安汽车,重庆长安汽车股份有限公司,重庆市,江北区,800.12亿,72.08亿,36764,1997-06-10,--,,乘用车,--,制造和销售汽车(含轿车)、制造汽车发动机系列产品
202,626,远大控股,远大产业控股股份有限公司,连云港市,连云港市,1015.25亿,-3.72亿,643,1996-11-28,--,,贸易,--,进出口贸易业务
203,627,天茂集团,天茂实业集团股份有限公司,荆门市,荆门市,534.06亿,26.78亿,2314,1996-11-12,--,,保险,--,从事化工和医药原料药的生产和销售
204,628,高新发展,成都高新发展股份有限公司,成都市,武侯区,5.73亿,2911.79万,1137,1996-11-18,--,,专业工程,--,建筑业、房地产、厨柜制造、期货经纪等业务
205,629,攀钢钒钛,攀钢集团钒钛资源股份有限公司,攀枝花市,东区,94.36亿,9.20亿,3376,1996-11-15,--,,普钢,--,钒产品、钛渣、钛白粉的生产、销售、技术研发和应用开发
206,630,铜陵有色,铜陵有色金属集团股份有限公司,铜陵市,铜官区,824.29亿,7.29亿,15292,1996-11-20,--,,铜,--,铜、铁、硫金矿采选，铜、金、银、稀有贵金属冶炼及压延加工，硫酸、电子产品生产、铜加工产品等。
207,631,顺发恒业,顺发恒业股份公司,长春市,朝阳区,66.82亿,7.58亿,685,1996-11-22,--,,房地产开发,--,房地产领域开发与运营
208,632,三木集团,福建三木集团股份有限公司,福州市,马尾区,66.61亿,6138.70万,--,1996-11-21,--,,综合,--,房地产开发与经营、进出口贸易。
209,633,合金投资,新疆合金投资股份有限公司,沈阳市,沈阳市,6645.77万,-2499.37万,251,1996-11-12,--,,其他金属新材料,--,镍基合金材料的制造和销售
210,635,英力特,宁夏英力特化工股份有限公司,石嘴山市,惠农区,19.65亿,9331.30万,2180,1996-11-20,--,,氯碱,--,电石及其系列延伸产品的生产和销售；聚氯乙烯、烧碱及其系列延伸产品的生产和销售；特种树脂生产及销售；电力、热力的生产及销售。
211,636,风华高科,广东风华高新科技股份有限公司,肇庆市,端州区,33.55亿,2.62亿,6176,1996-11-29,--,,电子元件,--,系列新型片式元器件、光机电一体化电子专用设备及电子材料等电子信息基础产品的研制、生产和销售。
212,637,茂化实华,茂名石化实华股份有限公司,茂名市,茂南区,44.08亿,1.18亿,665,1996-11-14,--,,石油加工,--,石油化工产品的生产及销售
213,638,万方发展,万方城镇投资发展股份有限公司,沈阳市,和平区,1.28亿,1981.97万,466,1996-11-26,--,,贸易,--,与城镇化建设有关的土地一级整理、回迁安置房建设、辅以贸易等业务
214,639,西王食品,西王食品股份有限公司,滨州市,邹平县,56.18亿,3.96亿,1924,1996-11-26,--,,植物油,--,健康食用油及运动营养和体重管理
215,650,仁和药业,仁和药业股份有限公司,南昌市,青山湖区,38.44亿,4.41亿,6886,1996-12-10,--,,中药生产,--,生产、销售中西药及健康相关产品，包括胶囊剂、颗粒剂、片剂、栓剂、软膏剂、搽剂等药品以及健康相关产品。
216,651,格力电器,珠海格力电器股份有限公司,珠海市,香洲区,1500.20亿,225.08亿,88846,1996-11-18,--,,空调,--,生产销售空调器、自营空调器出口业务及其相关零配件的进出口业务
217,652,泰达股份,天津泰达股份有限公司,天津市,滨海新区,190.23亿,5.48亿,1274,1996-11-28,--,,贸易,--,生态环保、区域开发、能源贸易、股权投资
218,655,金岭矿业,山东金岭矿业股份有限公司,淄博市,张店区,10.44亿,-3.20亿,2851,1996-11-28,--,,铁矿石,--,铁矿石开采，铁精粉、铜精粉、钴精粉、球团矿的生产、销售及机械加工与销售。
219,656,金科股份,金科地产集团股份有限公司,重庆市,江北区,347.58亿,22.85亿,22812,1996-11-28,--,,房地产开发,--,房地产开发为主，新能源发电、社区综合服务、酒店经营管理、园林、门窗、装饰等相关多元化产业经营为辅
220,657,中钨高新,中钨高新材料股份有限公司,海口市,龙华区,67.09亿,1.89亿,7537,1996-12-05,--,,钨,--,硬质合金生产及加工销售
